----------------------------------------------------------------------------------------------------,
Accel-Sim-build,
APPS,QV100-PTX
backprop-rodinia-2.0-ft/4096___data_result_4096_txt--all_kernels,NA
bfs-rodinia-2.0-ft/__data_graph4096_txt___data_graph4096_result_txt--all_kernels,NA
hotspot-rodinia-2.0-ft/30_6_40___data_result_30_6_40_txt--all_kernels,NA
heartwall-rodinia-2.0-ft/__data_test_avi_1___data_result_1_txt--all_kernels,NA
lud-rodinia-2.0-ft/_v__b__i___data_64_dat--all_kernels,NA
nw-rodinia-2.0-ft/128_10___data_result_128_10_txt--all_kernels,NA
nn-rodinia-2.0-ft/__data_filelist_4_3_30_90___data_filelist_4_3_30_90_result_txt--all_kernels,NA
pathfinder-rodinia-2.0-ft/1000_20_5___data_result_1000_20_5_txt--all_kernels,NA
srad_v2-rodinia-2.0-ft/__data_matrix128x128_txt_0_127_0_127__5_2___data_result_matrix128x128_1_150_1_100__5_2_txt--all_kernels,NA
streamcluster-rodinia-2.0-ft/3_6_16_1024_1024_100_none_output_txt_1___data_result_3_6_16_1024_1024_100_none_1_txt--all_kernels,NA

----------------------------------------------------------------------------------------------------,
GPGPU-Sim-build,
APPS,QV100-PTX
backprop-rodinia-2.0-ft/4096___data_result_4096_txt--all_kernels,gpgpu-sim_git-commit-667834cf_modified_0.0
bfs-rodinia-2.0-ft/__data_graph4096_txt___data_graph4096_result_txt--all_kernels,gpgpu-sim_git-commit-667834cf_modified_0.0
hotspot-rodinia-2.0-ft/30_6_40___data_result_30_6_40_txt--all_kernels,gpgpu-sim_git-commit-667834cf_modified_0.0
heartwall-rodinia-2.0-ft/__data_test_avi_1___data_result_1_txt--all_kernels,gpgpu-sim_git-commit-667834cf_modified_0.0
lud-rodinia-2.0-ft/_v__b__i___data_64_dat--all_kernels,gpgpu-sim_git-commit-667834cf_modified_0.0
nw-rodinia-2.0-ft/128_10___data_result_128_10_txt--all_kernels,gpgpu-sim_git-commit-667834cf_modified_0.0
nn-rodinia-2.0-ft/__data_filelist_4_3_30_90___data_filelist_4_3_30_90_result_txt--all_kernels,gpgpu-sim_git-commit-667834cf_modified_0.0
pathfinder-rodinia-2.0-ft/1000_20_5___data_result_1000_20_5_txt--all_kernels,gpgpu-sim_git-commit-667834cf_modified_0.0
srad_v2-rodinia-2.0-ft/__data_matrix128x128_txt_0_127_0_127__5_2___data_result_matrix128x128_1_150_1_100__5_2_txt--all_kernels,gpgpu-sim_git-commit-667834cf_modified_0.0
streamcluster-rodinia-2.0-ft/3_6_16_1024_1024_100_none_output_txt_1___data_result_3_6_16_1024_1024_100_none_1_txt--all_kernels,gpgpu-sim_git-commit-667834cf_modified_0.0

----------------------------------------------------------------------------------------------------,
gpu_tot_sim_insn\s*=\s*(.*),
APPS,QV100-PTX
backprop-rodinia-2.0-ft/4096___data_result_4096_txt--final_kernel,10096992
bfs-rodinia-2.0-ft/__data_graph4096_txt___data_graph4096_result_txt--final_kernel,1625698
hotspot-rodinia-2.0-ft/30_6_40___data_result_30_6_40_txt--final_kernel,29435920
heartwall-rodinia-2.0-ft/__data_test_avi_1___data_result_1_txt--final_kernel,4733667
lud-rodinia-2.0-ft/_v__b__i___data_64_dat--final_kernel,524676
nw-rodinia-2.0-ft/128_10___data_result_128_10_txt--final_kernel,389632
nn-rodinia-2.0-ft/__data_filelist_4_3_30_90___data_filelist_4_3_30_90_result_txt--final_kernel,4364332
pathfinder-rodinia-2.0-ft/1000_20_5___data_result_1000_20_5_txt--final_kernel,1355104
srad_v2-rodinia-2.0-ft/__data_matrix128x128_txt_0_127_0_127__5_2___data_result_matrix128x128_1_150_1_100__5_2_txt--final_kernel,9333244
streamcluster-rodinia-2.0-ft/3_6_16_1024_1024_100_none_output_txt_1___data_result_3_6_16_1024_1024_100_none_1_txt--final_kernel,23222432

----------------------------------------------------------------------------------------------------,
gpgpu_simulation_time\s*=.*\(([0-9]+) sec\).*,
APPS,QV100-PTX
backprop-rodinia-2.0-ft/4096___data_result_4096_txt--final_kernel,46
bfs-rodinia-2.0-ft/__data_graph4096_txt___data_graph4096_result_txt--final_kernel,67
hotspot-rodinia-2.0-ft/30_6_40___data_result_30_6_40_txt--final_kernel,95
heartwall-rodinia-2.0-ft/__data_test_avi_1___data_result_1_txt--final_kernel,33
lud-rodinia-2.0-ft/_v__b__i___data_64_dat--final_kernel,89
nw-rodinia-2.0-ft/128_10___data_result_128_10_txt--final_kernel,92
nn-rodinia-2.0-ft/__data_filelist_4_3_30_90___data_filelist_4_3_30_90_result_txt--final_kernel,60
pathfinder-rodinia-2.0-ft/1000_20_5___data_result_1000_20_5_txt--final_kernel,26
srad_v2-rodinia-2.0-ft/__data_matrix128x128_txt_0_127_0_127__5_2___data_result_matrix128x128_1_150_1_100__5_2_txt--final_kernel,44
streamcluster-rodinia-2.0-ft/3_6_16_1024_1024_100_none_output_txt_1___data_result_3_6_16_1024_1024_100_none_1_txt--final_kernel,497

----------------------------------------------------------------------------------------------------,
gpu_tot_sim_cycle\s*=\s*(.*),
APPS,QV100-PTX
backprop-rodinia-2.0-ft/4096___data_result_4096_txt--final_kernel,16025
bfs-rodinia-2.0-ft/__data_graph4096_txt___data_graph4096_result_txt--final_kernel,119548
hotspot-rodinia-2.0-ft/30_6_40___data_result_30_6_40_txt--final_kernel,61078
heartwall-rodinia-2.0-ft/__data_test_avi_1___data_result_1_txt--final_kernel,8907
lud-rodinia-2.0-ft/_v__b__i___data_64_dat--final_kernel,189360
nw-rodinia-2.0-ft/128_10___data_result_128_10_txt--final_kernel,204595
nn-rodinia-2.0-ft/__data_filelist_4_3_30_90___data_filelist_4_3_30_90_result_txt--final_kernel,28190
pathfinder-rodinia-2.0-ft/1000_20_5___data_result_1000_20_5_txt--final_kernel,32617
srad_v2-rodinia-2.0-ft/__data_matrix128x128_txt_0_127_0_127__5_2___data_result_matrix128x128_1_150_1_100__5_2_txt--final_kernel,31334
streamcluster-rodinia-2.0-ft/3_6_16_1024_1024_100_none_output_txt_1___data_result_3_6_16_1024_1024_100_none_1_txt--final_kernel,1807661

----------------------------------------------------------------------------------------------------,
\s+L2_cache_stats_breakdown\[GLOBAL_ACC_R\]\[HIT\]\s*=\s*(.*),
APPS,QV100-PTX
backprop-rodinia-2.0-ft/4096___data_result_4096_txt--final_kernel,18932
bfs-rodinia-2.0-ft/__data_graph4096_txt___data_graph4096_result_txt--final_kernel,11166
hotspot-rodinia-2.0-ft/30_6_40___data_result_30_6_40_txt--final_kernel,1272
heartwall-rodinia-2.0-ft/__data_test_avi_1___data_result_1_txt--final_kernel,18819
lud-rodinia-2.0-ft/_v__b__i___data_64_dat--final_kernel,128
nw-rodinia-2.0-ft/128_10___data_result_128_10_txt--final_kernel,2210
nn-rodinia-2.0-ft/__data_filelist_4_3_30_90___data_filelist_4_3_30_90_result_txt--final_kernel,19688
pathfinder-rodinia-2.0-ft/1000_20_5___data_result_1000_20_5_txt--final_kernel,1443
srad_v2-rodinia-2.0-ft/__data_matrix128x128_txt_0_127_0_127__5_2___data_result_matrix128x128_1_150_1_100__5_2_txt--final_kernel,22096
streamcluster-rodinia-2.0-ft/3_6_16_1024_1024_100_none_output_txt_1___data_result_3_6_16_1024_1024_100_none_1_txt--final_kernel,427880

----------------------------------------------------------------------------------------------------,
\s+L2_cache_stats_breakdown\[GLOBAL_ACC_R\]\[TOTAL_ACCESS\]\s*=\s*(.*),
APPS,QV100-PTX
backprop-rodinia-2.0-ft/4096___data_result_4096_txt--final_kernel,18932
bfs-rodinia-2.0-ft/__data_graph4096_txt___data_graph4096_result_txt--final_kernel,11166
hotspot-rodinia-2.0-ft/30_6_40___data_result_30_6_40_txt--final_kernel,1272
heartwall-rodinia-2.0-ft/__data_test_avi_1___data_result_1_txt--final_kernel,18819
lud-rodinia-2.0-ft/_v__b__i___data_64_dat--final_kernel,128
nw-rodinia-2.0-ft/128_10___data_result_128_10_txt--final_kernel,2210
nn-rodinia-2.0-ft/__data_filelist_4_3_30_90___data_filelist_4_3_30_90_result_txt--final_kernel,19688
pathfinder-rodinia-2.0-ft/1000_20_5___data_result_1000_20_5_txt--final_kernel,1443
srad_v2-rodinia-2.0-ft/__data_matrix128x128_txt_0_127_0_127__5_2___data_result_matrix128x128_1_150_1_100__5_2_txt--final_kernel,22144
streamcluster-rodinia-2.0-ft/3_6_16_1024_1024_100_none_output_txt_1___data_result_3_6_16_1024_1024_100_none_1_txt--final_kernel,428510

----------------------------------------------------------------------------------------------------,
\s+L2_cache_stats_breakdown\[GLOBAL_ACC_W\]\[HIT\]\s*=\s*(.*),
APPS,QV100-PTX
backprop-rodinia-2.0-ft/4096___data_result_4096_txt--final_kernel,20486
bfs-rodinia-2.0-ft/__data_graph4096_txt___data_graph4096_result_txt--final_kernel,12624
hotspot-rodinia-2.0-ft/30_6_40___data_result_30_6_40_txt--final_kernel,204
heartwall-rodinia-2.0-ft/__data_test_avi_1___data_result_1_txt--final_kernel,3838
lud-rodinia-2.0-ft/_v__b__i___data_64_dat--final_kernel,62
nw-rodinia-2.0-ft/128_10___data_result_128_10_txt--final_kernel,1564
nn-rodinia-2.0-ft/__data_filelist_4_3_30_90___data_filelist_4_3_30_90_result_txt--final_kernel,1875
pathfinder-rodinia-2.0-ft/1000_20_5___data_result_1000_20_5_txt--final_kernel,188
srad_v2-rodinia-2.0-ft/__data_matrix128x128_txt_0_127_0_127__5_2___data_result_matrix128x128_1_150_1_100__5_2_txt--final_kernel,2080
streamcluster-rodinia-2.0-ft/3_6_16_1024_1024_100_none_output_txt_1___data_result_3_6_16_1024_1024_100_none_1_txt--final_kernel,43976

----------------------------------------------------------------------------------------------------,
\s+L2_cache_stats_breakdown\[GLOBAL_ACC_W\]\[TOTAL_ACCESS\]\s*=\s*(.*),
APPS,QV100-PTX
backprop-rodinia-2.0-ft/4096___data_result_4096_txt--final_kernel,20486
bfs-rodinia-2.0-ft/__data_graph4096_txt___data_graph4096_result_txt--final_kernel,12624
hotspot-rodinia-2.0-ft/30_6_40___data_result_30_6_40_txt--final_kernel,204
heartwall-rodinia-2.0-ft/__data_test_avi_1___data_result_1_txt--final_kernel,20522
lud-rodinia-2.0-ft/_v__b__i___data_64_dat--final_kernel,62
nw-rodinia-2.0-ft/128_10___data_result_128_10_txt--final_kernel,1564
nn-rodinia-2.0-ft/__data_filelist_4_3_30_90___data_filelist_4_3_30_90_result_txt--final_kernel,1875
pathfinder-rodinia-2.0-ft/1000_20_5___data_result_1000_20_5_txt--final_kernel,313
srad_v2-rodinia-2.0-ft/__data_matrix128x128_txt_0_127_0_127__5_2___data_result_matrix128x128_1_150_1_100__5_2_txt--final_kernel,22528
streamcluster-rodinia-2.0-ft/3_6_16_1024_1024_100_none_output_txt_1___data_result_3_6_16_1024_1024_100_none_1_txt--final_kernel,43976

----------------------------------------------------------------------------------------------------,
\s+Total_core_cache_stats_breakdown\[GLOBAL_ACC_R\]\[TOTAL_ACCESS\]\s*=\s*(.*),
APPS,QV100-PTX
backprop-rodinia-2.0-ft/4096___data_result_4096_txt--final_kernel,48143
bfs-rodinia-2.0-ft/__data_graph4096_txt___data_graph4096_result_txt--final_kernel,59222
hotspot-rodinia-2.0-ft/30_6_40___data_result_30_6_40_txt--final_kernel,1272
heartwall-rodinia-2.0-ft/__data_test_avi_1___data_result_1_txt--final_kernel,30987
lud-rodinia-2.0-ft/_v__b__i___data_64_dat--final_kernel,128
nw-rodinia-2.0-ft/128_10___data_result_128_10_txt--final_kernel,2244
nn-rodinia-2.0-ft/__data_filelist_4_3_30_90___data_filelist_4_3_30_90_result_txt--final_kernel,120000
pathfinder-rodinia-2.0-ft/1000_20_5___data_result_1000_20_5_txt--final_kernel,1751
srad_v2-rodinia-2.0-ft/__data_matrix128x128_txt_0_127_0_127__5_2___data_result_matrix128x128_1_150_1_100__5_2_txt--final_kernel,27904
streamcluster-rodinia-2.0-ft/3_6_16_1024_1024_100_none_output_txt_1___data_result_3_6_16_1024_1024_100_none_1_txt--final_kernel,676138

----------------------------------------------------------------------------------------------------,
\s+Total_core_cache_stats_breakdown\[GLOBAL_ACC_R\]\[HIT\]\s*=\s*(.*),
APPS,QV100-PTX
backprop-rodinia-2.0-ft/4096___data_result_4096_txt--final_kernel,23180
bfs-rodinia-2.0-ft/__data_graph4096_txt___data_graph4096_result_txt--final_kernel,46547
hotspot-rodinia-2.0-ft/30_6_40___data_result_30_6_40_txt--final_kernel,0
heartwall-rodinia-2.0-ft/__data_test_avi_1___data_result_1_txt--final_kernel,8958
lud-rodinia-2.0-ft/_v__b__i___data_64_dat--final_kernel,0
nw-rodinia-2.0-ft/128_10___data_result_128_10_txt--final_kernel,34
nn-rodinia-2.0-ft/__data_filelist_4_3_30_90___data_filelist_4_3_30_90_result_txt--final_kernel,40774
pathfinder-rodinia-2.0-ft/1000_20_5___data_result_1000_20_5_txt--final_kernel,0
srad_v2-rodinia-2.0-ft/__data_matrix128x128_txt_0_127_0_127__5_2___data_result_matrix128x128_1_150_1_100__5_2_txt--final_kernel,720
streamcluster-rodinia-2.0-ft/3_6_16_1024_1024_100_none_output_txt_1___data_result_3_6_16_1024_1024_100_none_1_txt--final_kernel,244772

----------------------------------------------------------------------------------------------------,
\s+Total_core_cache_stats_breakdown\[GLOBAL_ACC_W\]\[HIT\]\s*=\s*(.*),
APPS,QV100-PTX
backprop-rodinia-2.0-ft/4096___data_result_4096_txt--final_kernel,20486
bfs-rodinia-2.0-ft/__data_graph4096_txt___data_graph4096_result_txt--final_kernel,7362
hotspot-rodinia-2.0-ft/30_6_40___data_result_30_6_40_txt--final_kernel,204
heartwall-rodinia-2.0-ft/__data_test_avi_1___data_result_1_txt--final_kernel,3794
lud-rodinia-2.0-ft/_v__b__i___data_64_dat--final_kernel,62
nw-rodinia-2.0-ft/128_10___data_result_128_10_txt--final_kernel,476
nn-rodinia-2.0-ft/__data_filelist_4_3_30_90___data_filelist_4_3_30_90_result_txt--final_kernel,0
pathfinder-rodinia-2.0-ft/1000_20_5___data_result_1000_20_5_txt--final_kernel,56
srad_v2-rodinia-2.0-ft/__data_matrix128x128_txt_0_127_0_127__5_2___data_result_matrix128x128_1_150_1_100__5_2_txt--final_kernel,2048
streamcluster-rodinia-2.0-ft/3_6_16_1024_1024_100_none_output_txt_1___data_result_3_6_16_1024_1024_100_none_1_txt--final_kernel,42102

----------------------------------------------------------------------------------------------------,
\s+Total_core_cache_stats_breakdown\[GLOBAL_ACC_W\]\[TOTAL_ACCESS\]\s*=\s*(.*),
APPS,QV100-PTX
backprop-rodinia-2.0-ft/4096___data_result_4096_txt--final_kernel,20486
bfs-rodinia-2.0-ft/__data_graph4096_txt___data_graph4096_result_txt--final_kernel,12624
hotspot-rodinia-2.0-ft/30_6_40___data_result_30_6_40_txt--final_kernel,204
heartwall-rodinia-2.0-ft/__data_test_avi_1___data_result_1_txt--final_kernel,20522
lud-rodinia-2.0-ft/_v__b__i___data_64_dat--final_kernel,62
nw-rodinia-2.0-ft/128_10___data_result_128_10_txt--final_kernel,1564
nn-rodinia-2.0-ft/__data_filelist_4_3_30_90___data_filelist_4_3_30_90_result_txt--final_kernel,1875
pathfinder-rodinia-2.0-ft/1000_20_5___data_result_1000_20_5_txt--final_kernel,313
srad_v2-rodinia-2.0-ft/__data_matrix128x128_txt_0_127_0_127__5_2___data_result_matrix128x128_1_150_1_100__5_2_txt--final_kernel,22528
streamcluster-rodinia-2.0-ft/3_6_16_1024_1024_100_none_output_txt_1___data_result_3_6_16_1024_1024_100_none_1_txt--final_kernel,43976

----------------------------------------------------------------------------------------------------,
\s+Total_core_cache_stats_breakdown\[GLOBAL_ACC_R\]\[MSHR_HIT\]\s*=\s*(.*),
APPS,QV100-PTX
backprop-rodinia-2.0-ft/4096___data_result_4096_txt--final_kernel,6031
bfs-rodinia-2.0-ft/__data_graph4096_txt___data_graph4096_result_txt--final_kernel,1509
hotspot-rodinia-2.0-ft/30_6_40___data_result_30_6_40_txt--final_kernel,0
heartwall-rodinia-2.0-ft/__data_test_avi_1___data_result_1_txt--final_kernel,3210
lud-rodinia-2.0-ft/_v__b__i___data_64_dat--final_kernel,0
nw-rodinia-2.0-ft/128_10___data_result_128_10_txt--final_kernel,0
nn-rodinia-2.0-ft/__data_filelist_4_3_30_90___data_filelist_4_3_30_90_result_txt--final_kernel,59538
pathfinder-rodinia-2.0-ft/1000_20_5___data_result_1000_20_5_txt--final_kernel,308
srad_v2-rodinia-2.0-ft/__data_matrix128x128_txt_0_127_0_127__5_2___data_result_matrix128x128_1_150_1_100__5_2_txt--final_kernel,5040
streamcluster-rodinia-2.0-ft/3_6_16_1024_1024_100_none_output_txt_1___data_result_3_6_16_1024_1024_100_none_1_txt--final_kernel,2856

----------------------------------------------------------------------------------------------------,
gpgpu_n_tot_w_icount\s*=\s*(.*),
APPS,QV100-PTX
backprop-rodinia-2.0-ft/4096___data_result_4096_txt--final_kernel,367895
bfs-rodinia-2.0-ft/__data_graph4096_txt___data_graph4096_result_txt--final_kernel,138201
hotspot-rodinia-2.0-ft/30_6_40___data_result_30_6_40_txt--final_kernel,1165587
heartwall-rodinia-2.0-ft/__data_test_avi_1___data_result_1_txt--final_kernel,154224
lud-rodinia-2.0-ft/_v__b__i___data_64_dat--final_kernel,29106
nw-rodinia-2.0-ft/128_10___data_result_128_10_txt--final_kernel,35220
nn-rodinia-2.0-ft/__data_filelist_4_3_30_90___data_filelist_4_3_30_90_result_txt--final_kernel,293096
pathfinder-rodinia-2.0-ft/1000_20_5___data_result_1000_20_5_txt--final_kernel,45129
srad_v2-rodinia-2.0-ft/__data_matrix128x128_txt_0_127_0_127__5_2___data_result_matrix128x128_1_150_1_100__5_2_txt--final_kernel,322485
streamcluster-rodinia-2.0-ft/3_6_16_1024_1024_100_none_output_txt_1___data_result_3_6_16_1024_1024_100_none_1_txt--final_kernel,780416

----------------------------------------------------------------------------------------------------,
total dram reads\s*=\s*(.*),
APPS,QV100-PTX
backprop-rodinia-2.0-ft/4096___data_result_4096_txt--final_kernel,0
bfs-rodinia-2.0-ft/__data_graph4096_txt___data_graph4096_result_txt--final_kernel,0
hotspot-rodinia-2.0-ft/30_6_40___data_result_30_6_40_txt--final_kernel,0
heartwall-rodinia-2.0-ft/__data_test_avi_1___data_result_1_txt--final_kernel,0
lud-rodinia-2.0-ft/_v__b__i___data_64_dat--final_kernel,0
nw-rodinia-2.0-ft/128_10___data_result_128_10_txt--final_kernel,0
nn-rodinia-2.0-ft/__data_filelist_4_3_30_90___data_filelist_4_3_30_90_result_txt--final_kernel,0
pathfinder-rodinia-2.0-ft/1000_20_5___data_result_1000_20_5_txt--final_kernel,0
srad_v2-rodinia-2.0-ft/__data_matrix128x128_txt_0_127_0_127__5_2___data_result_matrix128x128_1_150_1_100__5_2_txt--final_kernel,48
streamcluster-rodinia-2.0-ft/3_6_16_1024_1024_100_none_output_txt_1___data_result_3_6_16_1024_1024_100_none_1_txt--final_kernel,630

----------------------------------------------------------------------------------------------------,
total dram writes\s*=\s*(.*),
APPS,QV100-PTX
backprop-rodinia-2.0-ft/4096___data_result_4096_txt--final_kernel,0
bfs-rodinia-2.0-ft/__data_graph4096_txt___data_graph4096_result_txt--final_kernel,0
hotspot-rodinia-2.0-ft/30_6_40___data_result_30_6_40_txt--final_kernel,0
heartwall-rodinia-2.0-ft/__data_test_avi_1___data_result_1_txt--final_kernel,0
lud-rodinia-2.0-ft/_v__b__i___data_64_dat--final_kernel,0
nw-rodinia-2.0-ft/128_10___data_result_128_10_txt--final_kernel,0
nn-rodinia-2.0-ft/__data_filelist_4_3_30_90___data_filelist_4_3_30_90_result_txt--final_kernel,0
pathfinder-rodinia-2.0-ft/1000_20_5___data_result_1000_20_5_txt--final_kernel,0
srad_v2-rodinia-2.0-ft/__data_matrix128x128_txt_0_127_0_127__5_2___data_result_matrix128x128_1_150_1_100__5_2_txt--final_kernel,0
streamcluster-rodinia-2.0-ft/3_6_16_1024_1024_100_none_output_txt_1___data_result_3_6_16_1024_1024_100_none_1_txt--final_kernel,0

----------------------------------------------------------------------------------------------------,
kernel_launch_uid\s*=\s*(.*),
APPS,QV100-PTX
backprop-rodinia-2.0-ft/4096___data_result_4096_txt--final_kernel,2
bfs-rodinia-2.0-ft/__data_graph4096_txt___data_graph4096_result_txt--final_kernel,16
hotspot-rodinia-2.0-ft/30_6_40___data_result_30_6_40_txt--final_kernel,7
heartwall-rodinia-2.0-ft/__data_test_avi_1___data_result_1_txt--final_kernel,1
lud-rodinia-2.0-ft/_v__b__i___data_64_dat--final_kernel,10
nw-rodinia-2.0-ft/128_10___data_result_128_10_txt--final_kernel,15
nn-rodinia-2.0-ft/__data_filelist_4_3_30_90___data_filelist_4_3_30_90_result_txt--final_kernel,4
pathfinder-rodinia-2.0-ft/1000_20_5___data_result_1000_20_5_txt--final_kernel,4
srad_v2-rodinia-2.0-ft/__data_matrix128x128_txt_0_127_0_127__5_2___data_result_matrix128x128_1_150_1_100__5_2_txt--final_kernel,4
streamcluster-rodinia-2.0-ft/3_6_16_1024_1024_100_none_output_txt_1___data_result_3_6_16_1024_1024_100_none_1_txt--final_kernel,130

----------------------------------------------------------------------------------------------------,
gpu_ipc\s*=\s*(.*),
APPS,QV100-PTX
backprop-rodinia-2.0-ft/4096___data_result_4096_txt--final_kernel,459.6488
bfs-rodinia-2.0-ft/__data_graph4096_txt___data_graph4096_result_txt--final_kernel,13.0178
hotspot-rodinia-2.0-ft/30_6_40___data_result_30_6_40_txt--final_kernel,401.7660
heartwall-rodinia-2.0-ft/__data_test_avi_1___data_result_1_txt--final_kernel,531.4547
lud-rodinia-2.0-ft/_v__b__i___data_64_dat--final_kernel,0.6960
nw-rodinia-2.0-ft/128_10___data_result_128_10_txt--final_kernel,0.4481
nn-rodinia-2.0-ft/__data_filelist_4_3_30_90___data_filelist_4_3_30_90_result_txt--final_kernel,154.6479
pathfinder-rodinia-2.0-ft/1000_20_5___data_result_1000_20_5_txt--final_kernel,37.8078
srad_v2-rodinia-2.0-ft/__data_matrix128x128_txt_0_127_0_127__5_2___data_result_matrix128x128_1_150_1_100__5_2_txt--final_kernel,236.3051
streamcluster-rodinia-2.0-ft/3_6_16_1024_1024_100_none_output_txt_1___data_result_3_6_16_1024_1024_100_none_1_txt--final_kernel,12.7578

----------------------------------------------------------------------------------------------------,
gpu_occupancy\s*=\s*(.*)%,
APPS,QV100-PTX
backprop-rodinia-2.0-ft/4096___data_result_4096_txt--final_kernel,nan
bfs-rodinia-2.0-ft/__data_graph4096_txt___data_graph4096_result_txt--final_kernel,nan
hotspot-rodinia-2.0-ft/30_6_40___data_result_30_6_40_txt--final_kernel,nan
heartwall-rodinia-2.0-ft/__data_test_avi_1___data_result_1_txt--final_kernel,nan
lud-rodinia-2.0-ft/_v__b__i___data_64_dat--final_kernel,nan
nw-rodinia-2.0-ft/128_10___data_result_128_10_txt--final_kernel,nan
nn-rodinia-2.0-ft/__data_filelist_4_3_30_90___data_filelist_4_3_30_90_result_txt--final_kernel,nan
pathfinder-rodinia-2.0-ft/1000_20_5___data_result_1000_20_5_txt--final_kernel,nan
srad_v2-rodinia-2.0-ft/__data_matrix128x128_txt_0_127_0_127__5_2___data_result_matrix128x128_1_150_1_100__5_2_txt--final_kernel,nan
streamcluster-rodinia-2.0-ft/3_6_16_1024_1024_100_none_output_txt_1___data_result_3_6_16_1024_1024_100_none_1_txt--final_kernel,nan

----------------------------------------------------------------------------------------------------,
L2_BW\s*=\s*(.*)+GB\/Sec,
APPS,QV100-PTX
backprop-rodinia-2.0-ft/4096___data_result_4096_txt--final_kernel,
bfs-rodinia-2.0-ft/__data_graph4096_txt___data_graph4096_result_txt--final_kernel,
hotspot-rodinia-2.0-ft/30_6_40___data_result_30_6_40_txt--final_kernel,
heartwall-rodinia-2.0-ft/__data_test_avi_1___data_result_1_txt--final_kernel,
lud-rodinia-2.0-ft/_v__b__i___data_64_dat--final_kernel,
nw-rodinia-2.0-ft/128_10___data_result_128_10_txt--final_kernel,
nn-rodinia-2.0-ft/__data_filelist_4_3_30_90___data_filelist_4_3_30_90_result_txt--final_kernel,
pathfinder-rodinia-2.0-ft/1000_20_5___data_result_1000_20_5_txt--final_kernel,
srad_v2-rodinia-2.0-ft/__data_matrix128x128_txt_0_127_0_127__5_2___data_result_matrix128x128_1_150_1_100__5_2_txt--final_kernel,
streamcluster-rodinia-2.0-ft/3_6_16_1024_1024_100_none_output_txt_1___data_result_3_6_16_1024_1024_100_none_1_txt--final_kernel,

----------------------------------------------------------------------------------------------------,
gpgpu_simulation_rate\s+=\s+(.*)\s+\(inst\/sec\),
APPS,QV100-PTX
backprop-rodinia-2.0-ft/4096___data_result_4096_txt--final_kernel,219499
bfs-rodinia-2.0-ft/__data_graph4096_txt___data_graph4096_result_txt--final_kernel,24264
hotspot-rodinia-2.0-ft/30_6_40___data_result_30_6_40_txt--final_kernel,309851
heartwall-rodinia-2.0-ft/__data_test_avi_1___data_result_1_txt--final_kernel,143444
lud-rodinia-2.0-ft/_v__b__i___data_64_dat--final_kernel,5895
nw-rodinia-2.0-ft/128_10___data_result_128_10_txt--final_kernel,4235
nn-rodinia-2.0-ft/__data_filelist_4_3_30_90___data_filelist_4_3_30_90_result_txt--final_kernel,72738
pathfinder-rodinia-2.0-ft/1000_20_5___data_result_1000_20_5_txt--final_kernel,52119
srad_v2-rodinia-2.0-ft/__data_matrix128x128_txt_0_127_0_127__5_2___data_result_matrix128x128_1_150_1_100__5_2_txt--final_kernel,212119
streamcluster-rodinia-2.0-ft/3_6_16_1024_1024_100_none_output_txt_1___data_result_3_6_16_1024_1024_100_none_1_txt--final_kernel,46725

----------------------------------------------------------------------------------------------------,
gpgpu_simulation_rate\s+=\s+(.*)\s+\(cycle\/sec\),
APPS,QV100-PTX
backprop-rodinia-2.0-ft/4096___data_result_4096_txt--final_kernel,348
bfs-rodinia-2.0-ft/__data_graph4096_txt___data_graph4096_result_txt--final_kernel,1784
hotspot-rodinia-2.0-ft/30_6_40___data_result_30_6_40_txt--final_kernel,642
heartwall-rodinia-2.0-ft/__data_test_avi_1___data_result_1_txt--final_kernel,269
lud-rodinia-2.0-ft/_v__b__i___data_64_dat--final_kernel,2127
nw-rodinia-2.0-ft/128_10___data_result_128_10_txt--final_kernel,2223
nn-rodinia-2.0-ft/__data_filelist_4_3_30_90___data_filelist_4_3_30_90_result_txt--final_kernel,469
pathfinder-rodinia-2.0-ft/1000_20_5___data_result_1000_20_5_txt--final_kernel,1254
srad_v2-rodinia-2.0-ft/__data_matrix128x128_txt_0_127_0_127__5_2___data_result_matrix128x128_1_150_1_100__5_2_txt--final_kernel,712
streamcluster-rodinia-2.0-ft/3_6_16_1024_1024_100_none_output_txt_1___data_result_3_6_16_1024_1024_100_none_1_txt--final_kernel,3637

----------------------------------------------------------------------------------------------------,
gpgpu_silicon_slowdown\s*=\s*(.*)x,
APPS,QV100-PTX
backprop-rodinia-2.0-ft/4096___data_result_4096_txt--final_kernel,379310
bfs-rodinia-2.0-ft/__data_graph4096_txt___data_graph4096_result_txt--final_kernel,73991
hotspot-rodinia-2.0-ft/30_6_40___data_result_30_6_40_txt--final_kernel,205607
heartwall-rodinia-2.0-ft/__data_test_avi_1___data_result_1_txt--final_kernel,490706
lud-rodinia-2.0-ft/_v__b__i___data_64_dat--final_kernel,62059
nw-rodinia-2.0-ft/128_10___data_result_128_10_txt--final_kernel,59379
nn-rodinia-2.0-ft/__data_filelist_4_3_30_90___data_filelist_4_3_30_90_result_txt--final_kernel,281449
pathfinder-rodinia-2.0-ft/1000_20_5___data_result_1000_20_5_txt--final_kernel,105263
srad_v2-rodinia-2.0-ft/__data_matrix128x128_txt_0_127_0_127__5_2___data_result_matrix128x128_1_150_1_100__5_2_txt--final_kernel,185393
streamcluster-rodinia-2.0-ft/3_6_16_1024_1024_100_none_output_txt_1___data_result_3_6_16_1024_1024_100_none_1_txt--final_kernel,36293

----------------------------------------------------------------------------------------------------,
gpu_tot_ipc\s*=\s*(.*),
APPS,QV100-PTX
backprop-rodinia-2.0-ft/4096___data_result_4096_txt--final_kernel,630.0775
bfs-rodinia-2.0-ft/__data_graph4096_txt___data_graph4096_result_txt--final_kernel,13.5987
hotspot-rodinia-2.0-ft/30_6_40___data_result_30_6_40_txt--final_kernel,481.9398
heartwall-rodinia-2.0-ft/__data_test_avi_1___data_result_1_txt--final_kernel,531.4547
lud-rodinia-2.0-ft/_v__b__i___data_64_dat--final_kernel,2.7708
nw-rodinia-2.0-ft/128_10___data_result_128_10_txt--final_kernel,1.9044
nn-rodinia-2.0-ft/__data_filelist_4_3_30_90___data_filelist_4_3_30_90_result_txt--final_kernel,154.8185
pathfinder-rodinia-2.0-ft/1000_20_5___data_result_1000_20_5_txt--final_kernel,41.5459
srad_v2-rodinia-2.0-ft/__data_matrix128x128_txt_0_127_0_127__5_2___data_result_matrix128x128_1_150_1_100__5_2_txt--final_kernel,297.8632
streamcluster-rodinia-2.0-ft/3_6_16_1024_1024_100_none_output_txt_1___data_result_3_6_16_1024_1024_100_none_1_txt--final_kernel,12.8467

